<?xml version="1.0" encoding="utf-8"?><soap:Envelope xmlns:soap="http://schemas.xmlsoap.org/soap/envelope/" xmlns:xsi="http://www.w3.org/2001/XMLSchema-instance" xmlns:xsd="http://www.w3.org/2001/XMLSchema"><soap:Header><FEHeaderInfo xmlns="http://ar.gov.afip.dif.FEV1/"><ambiente>HomologacionExterno - sr2</ambiente><fecha>2025-09-08T09:30:52.3870003-03:00</fecha><id>7.0.0.0</id></FEHeaderInfo></soap:Header><soap:Body><FECAESolicitarResponse xmlns="http://ar.gov.afip.dif.FEV1/"><FECAESolicitarResult><Errors><Err><Code>600</Code><Msg>ValidacionDeToken: No apareció CUIT en lista de relaciones: 20381712010</Msg></Err></Errors></FECAESolicitarResult></FECAESolicitarResponse></soap:Body></soap:Envelope>
