<?xml version="1.0" encoding="utf-8"?><soap:Envelope xmlns:soap="http://schemas.xmlsoap.org/soap/envelope/" xmlns:xsi="http://www.w3.org/2001/XMLSchema-instance" xmlns:xsd="http://www.w3.org/2001/XMLSchema"><soap:Header><FEHeaderInfo xmlns="http://ar.gov.afip.dif.FEV1/"><ambiente>Produccion - efa</ambiente><fecha>2024-10-01T20:25:58.604125-03:00</fecha><id>5.8.0.0</id></FEHeaderInfo></soap:Header><soap:Body><FECAESolicitarResponse xmlns="http://ar.gov.afip.dif.FEV1/"><FECAESolicitarResult><FeCabResp><Cuit>20381712010</Cuit><PtoVta>4</PtoVta><CbteTipo>51</CbteTipo><FchProceso>20241001202558</FchProceso><CantReg>1</CantReg><Resultado>A</Resultado><Reproceso>N</Reproceso></FeCabResp><FeDetResp><FECAEDetResponse><Concepto>1</Concepto><DocTipo>80</DocTipo><DocNro>30671859339</DocNro><CbteDesde>8</CbteDesde><CbteHasta>8</CbteHasta><CbteFch>20241001</CbteFch><Resultado>A</Resultado><Observaciones><Obs><Code>10217</Code><Msg>El credito fiscal discriminado en el presente comprobante solo podra ser computado a efectos del Procedimiento permanente de transicion al Regimen General.</Msg></Obs></Observaciones><CAE>74400201001293</CAE><CAEFchVto>20241011</CAEFchVto></FECAEDetResponse></FeDetResp></FECAESolicitarResult></FECAESolicitarResponse></soap:Body></soap:Envelope>
