<?xml version="1.0" encoding="utf-8"?><soap:Envelope xmlns:soap="http://schemas.xmlsoap.org/soap/envelope/" xmlns:xsi="http://www.w3.org/2001/XMLSchema-instance" xmlns:xsd="http://www.w3.org/2001/XMLSchema"><soap:Header><FEHeaderInfo xmlns="http://ar.gov.afip.dif.FEV1/"><ambiente>Produccion - efa</ambiente><fecha>2024-07-20T12:11:47.6145-03:00</fecha><id>5.7.0.0</id></FEHeaderInfo></soap:Header><soap:Body><FECAESolicitarResponse xmlns="http://ar.gov.afip.dif.FEV1/"><FECAESolicitarResult><FeCabResp><Cuit>20381712010</Cuit><PtoVta>4</PtoVta><CbteTipo>6</CbteTipo><FchProceso>20240720121144</FchProceso><CantReg>1</CantReg><Resultado>A</Resultado><Reproceso>N</Reproceso></FeCabResp><FeDetResp><FECAEDetResponse><Concepto>1</Concepto><DocTipo>99</DocTipo><DocNro>0</DocNro><CbteDesde>34</CbteDesde><CbteHasta>34</CbteHasta><CbteFch>20240720</CbteFch><Resultado>A</Resultado><CAE>74290182298872</CAE><CAEFchVto>20240730</CAEFchVto></FECAEDetResponse></FeDetResp></FECAESolicitarResult></FECAESolicitarResponse></soap:Body></soap:Envelope>
