<soap:Envelope xmlns:soap="http://schemas.xmlsoap.org/soap/envelope/"><soap:Body><ns2:getPersona_v2Response xmlns:ns2="http://a5.soap.ws.server.puc.sr/"><personaReturn><datosGenerales><apellido>GONZALEZ</apellido><domicilioFiscal><codPostal>2840</codPostal><descripcionProvincia>ENTRE RIOS</descripcionProvincia><direccion>CHACABUCO 29</direccion><idProvincia>5</idProvincia><localidad>GUALEGUAY</localidad><tipoDomicilio>FISCAL</tipoDomicilio></domicilioFiscal><esSucesion>NO</esSucesion><estadoClave>ACTIVO</estadoClave><idPersona>20175018841</idPersona><mesCierre>12</mesCierre><nombre>GREGORIO JESUS</nombre><tipoClave>CUIT</tipoClave><tipoPersona>FISICA</tipoPersona></datosGenerales><datosRegimenGeneral><actividad><descripcionActividad>VENTA AL POR MENOR DE JUGUETES, ARTÍCULOS DE COTILLÓN Y JUEGOS DE MESA</descripcionActividad><idActividad>476400</idActividad><nomenclador>883</nomenclador><orden>1</orden><periodo>202001</periodo></actividad><actividad><descripcionActividad>VENTA AL POR MENOR DE BIJOUTERIE Y FANTASÍA</descripcionActividad><idActividad>477430</idActividad><nomenclador>883</nomenclador><orden>2</orden><periodo>202001</periodo></actividad><categoriaAutonomo><idCategoria>302</idCategoria><idImpuesto>308</idImpuesto><periodo>201303</periodo></categoriaAutonomo><impuesto><descripcionImpuesto>IVA</descripcionImpuesto><idImpuesto>30</idImpuesto><periodo>201303</periodo></impuesto><impuesto><descripcionImpuesto>EMPLEADOR-APORTES SEG. SOCIAL</descripcionImpuesto><idImpuesto>301</idImpuesto><periodo>200510</periodo></impuesto><impuesto><descripcionImpuesto>APORTES SEG.SOCIAL AUTONOMOS</descripcionImpuesto><idImpuesto>308</idImpuesto><periodo>201303</periodo></impuesto></datosRegimenGeneral><metadata><fechaHora>2024-05-13T15:42:01.419-03:00</fechaHora><servidor>linux11f</servidor></metadata></personaReturn></ns2:getPersona_v2Response></soap:Body></soap:Envelope>