<?xml version="1.0" encoding="utf-8"?><soap:Envelope xmlns:soap="http://schemas.xmlsoap.org/soap/envelope/" xmlns:xsi="http://www.w3.org/2001/XMLSchema-instance" xmlns:xsd="http://www.w3.org/2001/XMLSchema"><soap:Header><FEHeaderInfo xmlns="http://ar.gov.afip.dif.FEV1/"><ambiente>Produccion - efa</ambiente><fecha>2024-07-30T10:48:49.9735-03:00</fecha><id>5.8.0.0</id></FEHeaderInfo></soap:Header><soap:Body><FECAESolicitarResponse xmlns="http://ar.gov.afip.dif.FEV1/"><FECAESolicitarResult><Errors><Err><Code>500</Code><Msg>Error interno de aplicación: - Metodo FECAESolicitar</Msg></Err></Errors></FECAESolicitarResult></FECAESolicitarResponse></soap:Body></soap:Envelope>
