<?xml version="1.0" encoding="utf-8"?><soap:Envelope xmlns:soap="http://schemas.xmlsoap.org/soap/envelope/" xmlns:xsi="http://www.w3.org/2001/XMLSchema-instance" xmlns:xsd="http://www.w3.org/2001/XMLSchema"><soap:Header><FEHeaderInfo xmlns="http://ar.gov.afip.dif.FEV1/"><ambiente>Produccion - efa</ambiente><fecha>2024-05-15T18:36:05.5399149-03:00</fecha><id>5.5.0.0</id></FEHeaderInfo></soap:Header><soap:Body><FECAESolicitarResponse xmlns="http://ar.gov.afip.dif.FEV1/"><FECAESolicitarResult><FeCabResp><Cuit>20381712010</Cuit><PtoVta>4</PtoVta><CbteTipo>1</CbteTipo><FchProceso>20240515183605</FchProceso><CantReg>1</CantReg><Resultado>A</Resultado><Reproceso>N</Reproceso></FeCabResp><FeDetResp><FECAEDetResponse><Concepto>1</Concepto><DocTipo>80</DocTipo><DocNro>30671859339</DocNro><CbteDesde>12</CbteDesde><CbteHasta>12</CbteHasta><CbteFch>20240515</CbteFch><Resultado>A</Resultado><Observaciones><Obs><Code>10217</Code><Msg>El credito fiscal discriminado en el presente comprobante solo podra ser computado a efectos del Procedimiento permanente de transicion al Regimen General.</Msg></Obs></Observaciones><CAE>74200169962384</CAE><CAEFchVto>20240525</CAEFchVto></FECAEDetResponse></FeDetResp></FECAESolicitarResult></FECAESolicitarResponse></soap:Body></soap:Envelope>
