<?xml version="1.0" encoding="utf-8"?><soap:Envelope xmlns:soap="http://schemas.xmlsoap.org/soap/envelope/" xmlns:xsi="http://www.w3.org/2001/XMLSchema-instance" xmlns:xsd="http://www.w3.org/2001/XMLSchema"><soap:Header><FEHeaderInfo xmlns="http://ar.gov.afip.dif.FEV1/"><ambiente>Produccion - efa</ambiente><fecha>2024-09-11T13:18:05.598375-03:00</fecha><id>5.8.0.0</id></FEHeaderInfo></soap:Header><soap:Body><FECAESolicitarResponse xmlns="http://ar.gov.afip.dif.FEV1/"><FECAESolicitarResult><FeCabResp><Cuit>20381712010</Cuit><PtoVta>4</PtoVta><CbteTipo>6</CbteTipo><FchProceso>20240911131805</FchProceso><CantReg>1</CantReg><Resultado>R</Resultado><Reproceso>N</Reproceso></FeCabResp><FeDetResp><FECAEDetResponse><Concepto>1</Concepto><DocTipo>96</DocTipo><DocNro>0</DocNro><CbteDesde>50</CbteDesde><CbteHasta>50</CbteHasta><CbteFch>20240911</CbteFch><Resultado>R</Resultado><Observaciones><Obs><Code>10015</Code><Msg>Para facturas B (CbteDesde igual a CbteHasta) menor a $344488, si DocTipo es distinto a 99, DocNro debe ser mayor a 0.</Msg></Obs></Observaciones><CAE /><CAEFchVto /></FECAEDetResponse></FeDetResp></FECAESolicitarResult></FECAESolicitarResponse></soap:Body></soap:Envelope>
