<?xml version="1.0" encoding="utf-8"?><soap:Envelope xmlns:soap="http://schemas.xmlsoap.org/soap/envelope/" xmlns:xsi="http://www.w3.org/2001/XMLSchema-instance" xmlns:xsd="http://www.w3.org/2001/XMLSchema"><soap:Header><FEHeaderInfo xmlns="http://ar.gov.afip.dif.FEV1/"><ambiente>Produccion - efa</ambiente><fecha>2023-09-08T17:14:23.95125-03:00</fecha><id>5.2.1.0</id></FEHeaderInfo></soap:Header><soap:Body><FECAESolicitarResponse xmlns="http://ar.gov.afip.dif.FEV1/"><FECAESolicitarResult><FeCabResp><Cuit>20175018841</Cuit><PtoVta>4</PtoVta><CbteTipo>6</CbteTipo><FchProceso>20230908171423</FchProceso><CantReg>1</CantReg><Resultado>A</Resultado><Reproceso>N</Reproceso></FeCabResp><FeDetResp><FECAEDetResponse><Concepto>1</Concepto><DocTipo>99</DocTipo><DocNro>0</DocNro><CbteDesde>25</CbteDesde><CbteHasta>25</CbteHasta><CbteFch>20230908</CbteFch><Resultado>A</Resultado><CAE>73361112243018</CAE><CAEFchVto>20230918</CAEFchVto></FECAEDetResponse></FeDetResp></FECAESolicitarResult></FECAESolicitarResponse></soap:Body></soap:Envelope>
